Student_ID,Branch,Python_Score,SQL_Score,Aptitude_Score,Communication_Score,Projects_Completed,Mock_Interviews_Attended,Total_Score,Average_Score,Weakest_skill_Score,readiness_Score,Readiness_band
S0001,CSE,78,70,80,44,3,5,272,68.0,44,79.0,Ready
S0002,IT,81,77,78,56,1,5,292,73.0,56,80.0,Ready
S0003,CSE,80,73,75,46,5,2,274,68.5,46,80.5,Ready
S0004,ECE,48,42,47,21,3,4,158,39.5,21,49.5,Needs Work
S0005,CSE,95,75,70,42,1,2,282,70.5,42,74.5,Almost Ready
S0006,CSE,73,60,81,40,2,5,254,63.5,40,72.5,Almost Ready
S0007,ECE,53,31,50,30,4,2,164,41.0,30,51.0,Needs Work
S0008,IT,61,60,56,40,2,3,217,54.25,40,61.25,Almost Ready
S0009,IT,98,84,88,43,4,3,313,78.25,43,89.25,Ready
S0010,MECH,63,61,64,58,3,0,246,61.5,58,67.5,Almost Ready
S0011,ECE,64,49,47,61,3,2,221,55.25,47,63.25,Almost Ready
S0012,ECE,91,65,84,72,4,6,312,78.0,65,92.0,Ready
S0013,CSE,71,69,81,37,3,4,258,64.5,37,74.5,Almost Ready
S0014,IT,100,81,74,71,4,5,326,81.5,71,94.5,Ready
S0015,CSE,90,64,49,51,2,6,254,63.5,49,73.5,Almost Ready
S0016,CSE,96,96,69,59,5,1,320,80.0,59,91.0,Ready
S0017,IT,68,54,35,36,2,3,193,48.25,35,55.25,Needs Work
S0018,CSE,88,83,67,48,4,4,286,71.5,48,83.5,Ready
S0019,IT,75,74,64,72,4,2,285,71.25,64,81.25,Ready
S0020,ECE,65,63,62,44,4,6,234,58.5,44,72.5,Almost Ready
S0021,MECH,52,25,46,45,2,2,168,42.0,25,48.0,Needs Work
S0022,IT,68,53,72,75,5,3,268,67.0,53,80.0,Ready
S0023,CSE,60,62,42,20,1,1,184,46.0,20,49.0,Needs Work
S0024,CSE,50,46,44,7,2,1,147,36.75,7,41.75,Needs Work
S0025,CSE,57,68,67,33,4,2,225,56.25,33,66.25,Almost Ready
S0026,IT,48,69,50,21,1,0,188,47.0,21,49.0,Needs Work
S0027,CSE,69,37,58,35,1,1,199,49.75,35,52.75,Needs Work
S0028,MECH,41,57,55,50,3,0,203,50.75,41,56.75,Needs Work
S0029,MECH,64,48,59,35,3,2,206,51.5,35,59.5,Needs Work
S0030,CSE,66,60,59,23,3,3,208,52.0,23,61.0,Almost Ready
S0031,CSE,56,50,37,26,2,4,169,42.25,26,50.25,Needs Work
S0032,ECE,74,100,73,70,5,2,317,79.25,70,91.25,Ready
S0033,CSE,78,78,48,56,4,3,260,65.0,48,76.0,Ready
S0034,ECE,49,67,46,42,0,3,204,51.0,42,54.0,Needs Work
S0035,IT,44,47,35,43,2,4,169,42.25,35,50.25,Needs Work
S0036,IT,62,49,76,40,3,3,227,56.75,40,65.75,Almost Ready
S0037,MECH,53,66,55,68,4,3,242,60.5,53,71.5,Almost Ready
S0038,ECE,64,64,72,45,5,6,245,61.25,45,77.25,Ready
S0039,IT,41,9,52,53,1,2,155,38.75,9,42.75,Needs Work
S0040,IT,58,48,65,45,3,0,216,54.0,45,60.0,Almost Ready
S0041,ECE,55,66,74,47,4,5,242,60.5,47,73.5,Almost Ready
S0042,ECE,79,88,93,85,4,3,345,86.25,79,97.25,Ready
S0043,IT,61,51,54,27,1,2,193,48.25,27,52.25,Needs Work
S0044,MECH,77,63,50,16,5,5,206,51.5,16,66.5,Almost Ready
S0045,CSE,44,64,61,38,1,2,207,51.75,38,55.75,Needs Work
S0046,MECH,75,82,62,47,2,2,266,66.5,47,72.5,Almost Ready
S0047,ECE,43,45,72,26,3,1,186,46.5,26,53.5,Needs Work
S0048,ECE,69,81,67,53,3,1,270,67.5,53,74.5,Almost Ready
S0049,CSE,63,67,47,41,2,3,218,54.5,41,61.5,Almost Ready
S0050,CSE,66,55,63,63,2,2,247,61.75,55,67.75,Almost Ready
S0051,MECH,41,56,76,70,4,1,243,60.75,41,69.75,Almost Ready
S0052,ECE,56,46,26,47,3,1,175,43.75,26,50.75,Needs Work
S0053,IT,79,78,72,76,4,4,305,76.25,72,88.25,Ready
S0054,CSE,86,56,81,100,3,3,323,80.75,56,89.75,Ready
S0055,CSE,70,76,90,77,4,4,313,78.25,70,90.25,Ready
S0056,IT,41,64,59,48,0,5,212,53.0,41,58.0,Needs Work
S0057,ECE,59,70,55,57,2,0,241,60.25,55,64.25,Almost Ready
S0058,CSE,42,57,44,28,2,4,171,42.75,28,50.75,Needs Work
S0059,ECE,58,47,30,67,2,3,202,50.5,30,57.5,Needs Work
S0060,MECH,57,75,62,50,5,5,244,61.0,50,76.0,Ready
S0061,IT,85,60,71,50,4,6,266,66.5,50,80.5,Ready
S0062,IT,44,50,46,31,0,6,171,42.75,31,48.75,Needs Work
S0063,CSE,79,86,60,56,5,1,281,70.25,56,81.25,Ready
S0064,CSE,56,81,53,38,3,4,228,57.0,38,67.0,Almost Ready
S0065,CSE,74,45,49,45,2,5,213,53.25,45,62.25,Almost Ready
S0066,IT,88,90,72,67,2,7,317,79.25,67,90.25,Ready
S0067,CSE,79,79,73,59,3,4,290,72.5,59,82.5,Ready
S0068,CSE,42,50,37,62,3,0,191,47.75,37,53.75,Needs Work
S0069,CSE,84,85,71,75,4,4,315,78.75,71,90.75,Ready
S0070,CSE,77,53,48,42,3,0,220,55.0,42,61.0,Almost Ready
S0071,CSE,77,61,81,76,4,3,295,73.75,61,84.75,Ready
S0072,IT,37,44,46,25,0,0,152,38.0,25,38.0,Needs Work
S0073,CSE,58,56,59,58,3,0,231,57.75,56,63.75,Almost Ready
S0074,CSE,78,61,54,53,3,2,246,61.5,53,69.5,Almost Ready
S0075,IT,72,60,31,35,4,4,198,49.5,31,61.5,Almost Ready
S0076,ECE,55,63,51,39,4,6,208,52.0,39,66.0,Almost Ready
S0077,CSE,62,35,37,37,2,4,171,42.75,35,50.75,Needs Work
S0078,IT,71,80,82,52,4,5,285,71.25,52,84.25,Ready
S0079,IT,75,64,61,46,3,4,246,61.5,46,71.5,Almost Ready
S0080,CSE,73,84,70,49,3,6,276,69.0,49,81.0,Ready
S0081,ECE,62,55,57,76,3,3,250,62.5,55,71.5,Almost Ready
S0082,CSE,64,37,39,53,1,4,193,48.25,37,54.25,Needs Work
S0083,MECH,65,62,53,75,4,2,255,63.75,53,73.75,Almost Ready
S0084,CSE,53,45,28,14,1,1,140,35.0,14,38.0,Needs Work
S0085,CSE,56,78,54,42,4,5,230,57.5,42,70.5,Almost Ready
S0086,IT,49,58,75,51,2,2,233,58.25,49,64.25,Almost Ready
S0087,ECE,39,47,57,17,3,5,160,40.0,17,51.0,Needs Work
S0088,IT,86,72,69,71,3,3,298,74.5,69,83.5,Ready
S0089,IT,79,65,71,58,4,6,273,68.25,58,82.25,Ready
S0090,IT,51,58,63,40,0,5,212,53.0,40,58.0,Needs Work
S0091,MECH,66,73,73,37,4,5,249,62.25,37,75.25,Ready
S0092,IT,71,73,48,68,4,3,260,65.0,48,76.0,Ready
S0093,CSE,67,59,34,36,1,3,196,49.0,34,54.0,Needs Work
S0094,CSE,81,58,70,35,5,3,244,61.0,35,74.0,Almost Ready
S0095,CSE,73,77,78,55,2,0,283,70.75,55,74.75,Almost Ready
S0096,IT,70,61,50,35,3,5,216,54.0,35,65.0,Almost Ready
S0097,MECH,44,65,74,60,3,4,243,60.75,44,70.75,Almost Ready
S0098,IT,74,69,75,43,2,5,261,65.25,43,74.25,Almost Ready
S0099,CSE,50,71,55,66,4,3,242,60.5,50,71.5,Almost Ready
S0100,IT,71,58,69,42,1,3,240,60.0,42,65.0,Almost Ready
S0101,CSE,78,83,65,64,3,5,290,72.5,64,83.5,Ready
S0102,CSE,66,72,77,40,1,2,255,63.75,40,67.75,Almost Ready
S0103,CSE,58,40,33,25,1,1,156,39.0,25,42.0,Needs Work
S0104,CSE,81,78,61,62,3,5,282,70.5,61,81.5,Ready
S0105,CSE,64,34,61,30,2,5,189,47.25,30,56.25,Needs Work
S0106,IT,69,62,71,44,1,3,246,61.5,44,66.5,Almost Ready
S0107,IT,88,46,77,65,0,2,276,69.0,46,71.0,Almost Ready
S0108,CSE,84,75,55,39,4,5,253,63.25,39,76.25,Ready
S0109,CSE,96,58,64,51,1,3,269,67.25,51,72.25,Almost Ready
S0110,ECE,71,76,90,71,4,4,308,77.0,71,89.0,Ready
S0111,IT,54,58,32,33,2,5,177,44.25,32,53.25,Needs Work
S0112,IT,37,55,34,3,4,3,129,32.25,3,43.25,Needs Work
S0113,ECE,71,84,47,48,4,7,250,62.5,47,77.5,Ready
S0114,IT,38,61,32,35,2,0,166,41.5,32,45.5,Needs Work
S0115,MECH,80,74,81,70,3,4,305,76.25,70,86.25,Ready
S0116,CSE,68,32,67,64,2,4,231,57.75,32,65.75,Almost Ready
S0117,ECE,34,22,46,15,2,1,117,29.25,15,34.25,Needs Work
S0118,CSE,78,60,88,60,1,2,286,71.5,60,75.5,Ready
S0119,CSE,67,56,56,25,3,5,204,51.0,25,62.0,Almost Ready
S0120,IT,68,54,69,24,2,6,215,53.75,24,63.75,Almost Ready
